Name,Diocese,Lead,Score,Bulletin PDF,Bulletin URL,Address,Phone,Email,Website,Facebook,Instagram,YouTube,Twitter,Lat,Lng
"Saint Mary's Catholic Church","Archdiocese of New York","Hot Lead","5","Yes","","280, Washington Avenue, Dumont, 07628","+1 201-384-0557","","https://stmarysdumont.org/","Yes","No","No","No","40.9438962","-73.9931377"
"Saint Vincent Catholic Church","Diocese of Fort Lauderdale","Warm Lead","3","No","","6350, Northwest 18th Street, Margate, FL, 33063","","","https://www.stvincentcatholicchurchmargate.org/","Yes","No","Yes","Yes","26.2485047","-80.2102828"
"Saint Matthias Roman Catholic Church","Archdiocese of New York","Warm Lead","3","No","","58-15, Catalpa Avenue, Ridgewood, NY, 11385","+1-718-821-6447","","https://saintmatthiaschurch.net/","Yes","No","No","No","40.7022222","-73.9027778"
"Saint Casimir Catholic Church","Archdiocese of New York","Warm Lead","3","No","","255, Nepperhan Avenue, Yonkers, NY, 10701","+1 914-963-4766","Office@casimir.church","https://casimir.church/index.php","Yes","No","No","No","40.9360091","-73.8921132"
"Church of Saint Martha","Archdiocese of Miami","Warm Lead","2","No","","9301, Biscayne Boulevard, Miami Shores, FL, 33138","+13057510005","","https://stmarthamiami.com/","No","No","No","No","25.8613496","-80.1807111"
"Saint Jude Melkite Greek Catholic Church","Archdiocese of Miami","Warm Lead","2","No","","126, Southeast 15th Road, Miami, FL, 33129","+1-305-856-1500","","http://stjudemiami.org","No","No","No","No","25.7576156","-80.192788"
"Saints Peter and Paul Catholic Church","Archdiocese of Miami","Warm Lead","2","No","","900, Southwest 26th Road, Miami, FL, 33129","+13058582621","","https://www.sppmiami.org/","No","No","No","No","25.7606673","-80.2122836"
"Saint Lawrence Catholic Church","Archdiocese of Miami","Warm Lead","2","No","","2200, Northeast 191st Street, 33180","+1-305-932-3560","Info@stlawrencemiami.org","https://stlawrencemiami.org/","No","No","No","No","25.9512037","-80.1561571"
"Holy Family Catholic Church","Archdiocese of Miami","Warm Lead","2","No","","14500, Northeast 11th Avenue, North Miami, FL, 33161","+13059475043","","https://www.holyfamilynorthmiami.com/","No","No","No","No","25.9104042","-80.1768355"
"St Joseph Catholic Church","Archdiocese of Miami","Warm Lead","2","No","","8675, Byron Avenue, Miami Beach, FL, 33141","+1-305-866-6567","","http://www.stjosephmiamibeach.com/","No","No","No","No","25.8722595","-80.1235338"
"Our Lady of La Vang Catholic Church","Diocese of Fort Lauderdale","Warm Lead","2","No","","123, Northwest 6th Avenue, Hallandale Beach, FL, 33009","+1-954-374-9100","gxdmlvmiami@gmail.com","https://www.giaoxuducmelavangmiami.org","No","No","No","No","25.9866847","-80.1546501"
"Our Lady Queen of Heaven","Diocese of Fort Lauderdale","Warm Lead","2","No","","1400, State Road 7, North Lauderdale, FL, 33068","+1 954 971-5400","olqh@bellsouth.net","http://olqhcc.org/","No","No","No","No","26.2096411","-80.2032632"
"Saint Matthews Church","Diocese of Fort Lauderdale","Warm Lead","2","No","","542, Blue Heron Drive, Hallandale Beach, FL, 33009","+1-954-458-1590","","https://www.smatt.org/","No","No","No","No","25.9830906","-80.1331725"
"Little Flower Catholic Church","Diocese of Fort Lauderdale","Warm Lead","2","No","","1805, Pierce Street, Hollywood, FL, 33020","+19549223517","","https://littleflowerhollywood.org/","No","No","No","No","26.0165075","-80.1438034"
"Ascension Catholic Church","Diocese of Orlando","Warm Lead","2","No","","2950, North Harbor City Boulevard, Melbourne, 32935","+1 321-254-1595","","https://www.ascensioncatholic.net/","No","No","No","No","28.154938","-80.641571"
"Holy Name of Jesus","Diocese of Orlando","Warm Lead","2","No","","","","sdonnelly@hnj.org","https://www.hnj.org/","Yes","Yes","No","No","28.1341534","-80.5813532"
"Holy Spirit Catholic Church","Diocese of Orlando","Warm Lead","2","No","","2399, Holder Road, Mims, 32754","+1 321 269 2282","","https://holyspiritmims.com/","No","No","No","No","28.6612005","-80.8648163"
"Saints Peter and Paul Roman Catholic Church","Archdiocese of New York","Warm Lead","2","No","","","+1 914-668-9815","","https://stspeterpaulandstursula.org/","No","No","No","No","40.9272427","-73.8315623"
"Corpus Christi Catholic Church","Archdiocese of New York","Warm Lead","2","No","","529, West 121st Street, Manhattan, NY, 10027","+1 212-666-9350","","https://ccnd-nyc.org/","No","No","No","No","40.8110236","-73.9608317"
"Saint Aloysius Roman Catholic Church","Archdiocese of New York","Warm Lead","2","No","","592, Middle Neck Road, Great Neck, 11024","+1 516-482-2770","","http://www.staloysiusgn.org/","No","No","No","No","40.8024113","-73.7364828"
"Our Lady of Sorrows Roman Catholic Church","Archdiocese of New York","Warm Lead","2","No","","217, Prospect Street, South Orange, 07079","+1 973-763-5454","","https://www.olschurch.com/","No","No","No","No","40.7415192","-74.2591345"
"Queen of Angels Roman Catholic Church","Archdiocese of New York","Warm Lead","2","No","","44-04, Skillman Avenue, 11104","+1 718-392-0011","","https://www.queenofangelsnyc.org/","No","No","No","No","40.746566","-73.9191563"
"Saint Cyril Catholic Church","Archdiocese of New York","Warm Lead","2","No","","62, Saint Marks Place, 10003","+1 212-674-3442","","http://www.slovenskacerkev-ny.si/","No","No","No","No","40.7278562","-73.9865109"
"St. Mary Star of the Sea Roman Catholic Church","Archdiocese of New York","Warm Lead","2","No","","471, Court Street, 11231","+1-718-625-2270","","https://www.stmarystarbrooklyn.com","No","No","No","No","40.6766729","-73.9980213"
"Our Lady of Good Counsel Catholic Church","Archdiocese of New York","Warm Lead","2","No","","10, Austin Place, 10304","+1 718-447-1503","","https://olgcsi.org","No","No","No","No","40.631671","-74.0870919"
"Saint Charles Borromeo Church","Archdiocese of New York","Warm Lead","2","No","","","+1-718-625-1177","","https://www.stcharlesbklyn.org/","No","No","No","No","40.6924879","-73.9940226"
"Our Lady of Mount Carmel - Saint Benedicta Catholic Church","Archdiocese of New York","Warm Lead","2","No","","1265, Castleton Avenue, Staten Island, NY, 10310","+1 718-442-3411","","https://olmcsi.org","No","No","No","No","40.6342193","-74.1248403"
"Saint Roch Catholic Church","Archdiocese of New York","Warm Lead","2","No","","602, Port Richmond Avenue, 10302","+1 718-442-4755","","https://stastr.org/","No","No","No","No","40.628553","-74.1422705"
"Our Lady of Pity & Saint Anthony of Padua Catholic Church","Archdiocese of New York","Warm Lead","2","No","","1634, Richmond Avenue, 10314","+1 718-761-5421","","https://stanthonysi.org","No","No","No","No","40.6088481","-74.1620457"
"Holy Rosary Catholic Church","Archdiocese of New York","Warm Lead","2","No","","Jerome Avenue, 10305","+1 718-448-6819","","https://www.hrosarychurch.com/","No","No","No","No","40.5952702","-74.0760013"
"Saint Ann Catholic Church","Archdiocese of New York","Warm Lead","2","No","","103, Cromwell Avenue, 10304","+1 718-351-0270","","https://stannschurchstatenisland.org/","No","No","No","No","40.5912618","-74.0974391"
"Our Lady Queen of Peace Catholic Church","Archdiocese of New York","Warm Lead","2","No","","62, 3rd Street, 10306","+1-718-351-1093","","https://olqpchurch.org/","No","No","No","No","40.5750537","-74.1178094"
"St. Stanislaus Roman Catholic Church","Archdiocese of New York","Warm Lead","2","No","","101, East 7th Street, New York, NY, 10009","+1 212-475-4576","","https://stanislauschurch.com","No","No","No","No","40.726702","-73.9846106"
"Saint Agnes Roman Catholic Church","Archdiocese of New York","Warm Lead","2","No","","433, Sackett Street, 11231","+1-718-625-1717","","https://stpaulstagnes-brooklyn.org","No","No","No","No","40.6816615","-73.9907499"
"Saint Charles Catholic Church","Archdiocese of New York","Warm Lead","2","No","","","+1 718-987-2670","","https://stcharlessi.org","No","No","No","No","40.563322","-74.1175059"
"Our Lady Star of the Sea Catholic Church","Archdiocese of New York","Warm Lead","2","No","","5371, Amboy Road, Staten Island, NY, 10312","+1-718-984-0593","","https://olssparish.org/","No","No","No","No","40.5327197","-74.1911647"
"Saint Anselm Roman Catholic Church","Archdiocese of New York","Warm Lead","2","No","","356, 82nd Street, 11209","+1 718-238-2900","stanselmrectory@aol.com","https://stanselmbayridge.org","No","No","No","No","40.6256628","-74.0278096"
"Our Lady of Angels Roman Catholic Church","Archdiocese of New York","Warm Lead","2","No","","7312, 4th Avenue, 11209","+1 718-836-7200","","https://ourladyofangelsparish.org","No","No","No","No","40.6321271","-74.0252184"
"Our Lady of Solace Roman Catholic Church","Archdiocese of New York","Warm Lead","2","No","","2890, West 17th Street, Brooklyn, NY, 11224","+1-718-266-1612","","https://olsbrooklyn.com/","No","No","No","No","40.5768076","-73.9852114"
"Saint Patrick's Roman Catholic Church","Archdiocese of New York","Warm Lead","2","No","","9511, 4th Avenue, 11209","+1-718-238-2600","","https://stpatrickbayridge.org","No","No","No","No","40.6153357","-74.030955"
"Our Lady of Grace Roman Catholic Church","Archdiocese of New York","Warm Lead","2","No","","430, Avenue W, Brooklyn, NY, 11223","+1-718-627-2020","","https://ourladyofgrace-brooklyn.org/","No","No","No","No","40.5934459","-73.9674197"
"Saint Finbar Catholic Church","Archdiocese of New York","Warm Lead","2","No","","130, Bay 20th Street, Brooklyn, NY, 11214","+1-718-236-3312","","https://www.stfinbarbrooklyn.org/","No","No","No","No","40.6041504","-74.0038695"
"Saint Francis Cabrini Roman Catholic Church","Archdiocese of New York","Warm Lead","2","No","","1562, 86th Street, Brooklyn, NY, 11228","+1-718-236-9165","","https://stfrancescabrini-brooklyn.org/","No","No","No","No","40.6099704","-74.008223"
"Immaculate Heart of Mary","Archdiocese of New York","Warm Lead","2","No","","2819, Fort Hamilton Parkway, 11218","+1-718-871-1310","","https://ihm-brooklyn.org","No","No","No","No","40.6493232","-73.9772455"
"The Roman Catholic Church of Saint Brendan","Archdiocese of New York","Warm Lead","2","No","","1517, East 12th Street, Brooklyn, NY, 11230","+1-718-339-2828","","https://www.stbrendanbklyn.org/","No","No","No","No","40.6123654","-73.9614839"
"Saint Rose of Lima Roman Catholic Church","Archdiocese of New York","Warm Lead","2","No","","269, Parkville Avenue, 11230","+1-718-434-8040","","https://stroseoflimabrooklyn.org","No","No","No","No","40.6322348","-73.9695175"
"Saint Columba Roman Catholic Church","Archdiocese of New York","Warm Lead","2","No","","2245, Kimball Street, Brooklyn, 11234","+1 718 338 6265","","http://www.saintcolumbabrooklyn.org/","No","No","No","No","40.6077911","-73.923429"
"Our Saviour Catholic Church","Archdiocese of New York","Warm Lead","2","No","","59, Park Avenue, New York, 10016","+1-212-679-8166","","https://www.oursaviournyc.org/","No","No","No","No","40.7492341","-73.979234"
"Saint John Nepomucene Catholic Church","Archdiocese of New York","Warm Lead","2","No","","411, East 66th Street","+1 212-734-4613","","https://www.stjohnnepomucene.org/","No","No","No","No","40.7640088","-73.9583171"
"Saint Joseph's Church","Archdiocese of New York","Warm Lead","2","No","","406, East 87th Street, New York, 10028","+1 212-289-6030","info@stjosephsyorkville.com","https://www.stjosephsyorkville.org/","No","No","No","No","40.7770844","-73.9484111"
"Holy Name of Jesus Catholic Church","Archdiocese of New York","Warm Lead","2","No","","","+1 212-749-0276","","https://www.holynamenyc.org","No","No","No","No","40.7944859","-73.9706391"
"Saint Aloysius Catholic Church","Archdiocese of New York","Warm Lead","2","No","","209, West 132nd Street, 10027","+1 917-261-6507","","https://staloysiuschurchny.com/","No","No","No","No","40.81388","-73.9456334"
"Saint Catherine of Genoa Catholic Church","Archdiocese of New York","Warm Lead","2","No","","502, West 153rd Street, New York, NY, 10031","+1 212-862-6130","","https://stcatherineofgenoanyc.org/","No","No","No","No","40.8303105","-73.9446212"
"Our Lady of Esperanza Catholic Church","Archdiocese of New York","Warm Lead","2","No","","624, West 156th Street, 10032","+1 212-283-4340","","https://ourladyofesperanza.org","No","No","No","No","40.8338923","-73.9469681"
"Our Lady Queen of Martyrs Catholic Church","Archdiocese of New York","Warm Lead","2","No","","438, West 205th Street, 10034","+1 212-569-3000","","https://churchofstjudeny.org/","No","No","No","No","40.8628741","-73.9197031"
"Saint Anselm Catholic Church","Archdiocese of New York","Warm Lead","2","No","","683, Tinton Avenue, 10455","+1 718-585-8666","","https://stanselmnyc.org/","No","No","No","No","40.816351","-73.9056158"
"Saint Angela Merici Catholic Church","Archdiocese of New York","Warm Lead","2","No","","921, Morris Avenue, 10451","+1 718-293-0984","","https://saintangelamericichurch.org/","No","No","No","No","40.8271895","-73.9182746"
"Saint Athanasius Catholic Church","Archdiocese of New York","Warm Lead","2","No","","878, Tiffany Street, 10459","+1 718-328-2558","","https://stathanasiusbx.org/","No","No","No","No","40.8187726","-73.8943992"
"Saint Augustine Catholic Church","Archdiocese of New York","Warm Lead","2","No","","1508, Webster Avenue, 10457","+1 718-583-4044","","https://www.saolv.org","No","No","No","No","40.8385835","-73.9055374"
"Our Lady of Mercy Catholic Church","Archdiocese of New York","Warm Lead","2","No","","2506, Marion Avenue, 10458","+1 718-933-4400","","https://ourladyofmercyny.org","No","No","No","No","40.8609526","-73.8931184"
"Our Lady of Refuge Catholic Church","Archdiocese of New York","Warm Lead","2","No","","290, East 196th Street, 10458","+1 718-367-4690","","https://ourladyofrefuge.com","No","No","No","No","40.8665432","-73.8906678"
"Our Lady of Angels Catholic Church","Archdiocese of New York","Warm Lead","2","No","","2860, Sedgwick Avenue, 10468","+1 718-548-3005","","https://noblemaria.org","No","No","No","No","40.873982","-73.9011479"
"Saint Frances of Rome Catholic Church","Archdiocese of New York","Warm Lead","2","No","","761, East 236th Street, 10466","+1 718-324-5340","","https://sfrbronx.org","No","No","No","No","40.8952492","-73.8537592"
"Saint Barnabas Catholic Church","Archdiocese of New York","Warm Lead","2","No","","409, East 241st Street, Bronx, 10470","+1-718-324-1478","","https://www.stbarnabasbronx.org/","No","No","No","No","40.9021428","-73.8652373"
"Saint Peter Catholic Church","Archdiocese of New York","Warm Lead","2","No","","22, Barclay Street, New York, NY, 10007","+1 212-233-8355","","https://spcolr.org/","No","No","No","No","40.7123689","-74.0095718"
"Saint Francis Xavier Catholic Church","Archdiocese of New York","Warm Lead","2","No","","1703, Lurting Avenue, 10461","+1 718-892-3330","","https://stclarestfrancisparish.org","No","No","No","No","40.8482688","-73.8528662"
"Our Lady of Solace Catholic Church","Archdiocese of New York","Warm Lead","2","No","","735, Morris Park Avenue, 10462","+1 718-863-3282","","http://www.solacedominic.org/parish.html","No","No","No","No","40.8459076","-73.8646988"
"Saint Frances De Chantal Catholic Church","Archdiocese of New York","Warm Lead","2","No","","190, Hollywood Avenue, 10456","+1 718-792-5500","","https://www.sfdchantal.org/","No","No","No","No","40.8157402","-73.8144425"
"Saint Benedict Catholic Church","Archdiocese of New York","Warm Lead","2","No","","2969, Otis Avenue, 10465","+1 718-828-3403","","https://stbenedictchurchny.org","No","No","No","No","40.8335201","-73.826204"
"Our Lady of the Assumption Catholic Church","Archdiocese of New York","Warm Lead","2","No","","3100, Roberts Avenue, 10461","+1 718-824-5454","","https://www.olasmss.com/home","No","No","No","No","40.8460539","-73.8280457"
"Saint Mary Star of the Sea Catholic Church","Archdiocese of New York","Warm Lead","2","No","","596, City Island Avenue, 10464","+1 718-885-1440","","https://www.olasmss.com/home","No","No","No","No","40.8544824","-73.790362"
"Resurrection Roman Catholic Church","Archdiocese of New York","Warm Lead","2","No","","2331, Gerritsen Avenue, Brooklyn, NY, 11229","+1 718-743-7234","","https://resurrection-brooklyn.org","No","No","No","No","40.5990085","-73.9311954"
"Church of Saint Joseph the Carpenter","Archdiocese of New York","Warm Lead","2","No","","160, East 3rd Avenue, Roselle, NJ, 07203","+1 908 241 1250","","http://www.stjosephroselle.com/","No","No","No","No","40.6576408","-74.2601923"
"Church of Saint Anastasia","Archdiocese of New York","Warm Lead","2","No","","1095, Teaneck Road, Teaneck, NJ, 07666","+1 201 837 3354","Secretary@SaintAnastasia.org","https://www.saintanastasia.org/","No","No","No","No","40.89119","-74.0017069"
"Church of the Presentation","Archdiocese of New York","Warm Lead","2","No","","271, West Saddle River Road, Upper Saddle River, NJ, 07458","+1-201-327-1313","","https://www.churchofpresentation.org/","No","No","No","No","41.0508581","-74.1020828"
"Resurrection Catholic Church","Archdiocese of New York","Warm Lead","2","No","","282, West 151st Street, New York, NY, 10039","+1 212-281-2100","","https://scbrchurch.org/","No","No","No","No","40.8259315","-73.9380032"
"Our Lady of Fatima Catholic Church","Archdiocese of New York","Warm Lead","2","No","","355, South Broadway, Yonkers, NY, 10705","+1 914-423-9688","","https://fatima-port-church.org/","No","No","No","No","40.9213386","-73.8963185"
"Visitation of the Blessed Virgin Mary Roman Catholic Church","Archdiocese of New York","Warm Lead","2","No","","98, Richards Street, 11231","+1-718-624-1572","","https://visitationbvm-brooklyn.org","No","No","No","No","40.6788466","-74.0088099"
"Saint Nicholas Ukrainian Catholic Church","Archdiocese of New York","Warm Lead","2","No","","217, President Street, 07055","+1-973-471-9727","","https://www.stnicholasucc.org/","No","No","No","No","40.871262","-74.126863"
"Our Lady Help of Christians Catholic Church","Archdiocese of New York","Warm Lead","2","No","","7396, Amboy Road, 10307","+1 718-317-9772","","https://olhcparish.org","No","No","No","No","40.5098292","-74.2433618"
"Saint Anthony of Padua Catholic Church","Archdiocese of New York","Warm Lead","2","No","","85, Harrison Street, West Harrison, NY, 10604","+1 914-948-1480","","https://sapwh.org/","No","No","No","No","41.0389704","-73.7482041"
"Our Lady of Shkodra - Albanian Catholic Church","Archdiocese of New York","Warm Lead","2","No","","361, West Hartsdale Avenue, Hartsdale, NY, 10530","+1 914-761-3523","","https://www.albchurch.org","No","No","No","No","41.0279436","-73.8071772"
"Immaculate Heart of Mary Catholic Church","Archdiocese of New York","Warm Lead","2","No","","8, Carman Road, Scarsdale, NY, 10583","+1 914-723-0276","","https://www.ihm-parish.org","No","No","No","No","40.9816972","-73.7991936"
"Our Lady of Perpetual Help Catholic Church","Archdiocese of New York","Warm Lead","2","No","","559, Pelham Manor Road, Pelham, NY, 10803","+1 914-738-1449","","https://www.olph-stcatharine.org","No","No","No","No","40.8978276","-73.8031727"
"Saint Aedan Catholic Church","Archdiocese of New York","Warm Lead","2","No","","25, Reld Drive, Pearl River, NY, 10965","+1 845-735-7405","","https://staedan.org/","No","No","No","No","41.0686861","-74.0030835"
"Saint Bartholomew Catholic Church","Archdiocese of New York","Warm Lead","2","No","","Palmer Road, Yonkers, NY, 10701","+1 914-965-0566","","https://www.saintbartsparish.org/","No","No","No","No","40.9462188","-73.8767268"
"Saint Catharine Catholic Church","Archdiocese of New York","Warm Lead","2","No","","521, Western Highway, Blauvelt, NY, 10913","+1 845-359-0542","","https://www.saintcatharines.org","No","No","No","No","41.0577105","-73.9557711"
"Saint Eugene Catholic Church","Archdiocese of New York","Warm Lead","2","No","","707, Tuckahoe Road, Yonkers, NY, 10710","+1 914-961-2590","","https://csey.org","No","No","No","No","40.9528828","-73.841741"
"Saint Michael the Archangel Church","Archdiocese of Miami","Cold Lead","1","No","","2987, West Flagler Street, Miami, FL, 33135","","","https://www.stmichaelmiami.org/","No","No","No","No","25.7729671","-80.2423061"
"Saint Kieran Catholic Church","Archdiocese of Miami","Cold Lead","1","No","","3605, South Miami Avenue, Miami, FL, 33133","","","https://www.stkierancatholicchurch.org/","No","No","No","No","25.7418918","-80.2136998"
"Saint John the Baptist","Diocese of Fort Lauderdale","Cold Lead","1","No","","4595, Bayview Drive, Fort Lauderdale, FL","","","https://www.saintjohncc.com/","No","No","No","No","26.1846229","-80.1075881"
"St. Maurice at Resurrection Catholic Church","Diocese of Fort Lauderdale","Cold Lead","1","No","","441, Northeast 2nd Street, Dania Beach, FL, 33004","","","https://www.saintmauriceatresurrection.org/","No","No","No","No","26.0564255","-80.13636"
"St. Joan of Arc Catholic Church","Diocese of Fort Lauderdale","Cold Lead","1","No","","370, Southwest 3rd Street, Boca Raton, FL, 33432","","","https://stjoan.org/wp/","No","No","No","No","26.3461063","-80.0932017"
"Basilica of Saint Paul","Diocese of Orlando","Cold Lead","1","No","","317, Mullally Street, Daytona Beach, 32114","","","https://basilicaofsaintpaul.com/","No","No","No","No","29.2175491","-81.0271035"
"Our Lady of Peace Church","Archdiocese of New York","Cold Lead","1","No","","620, Amboy Avenue, Edison, NJ, 08837","","","https://www.olpfords.org/history","No","No","No","No","40.5214941","-74.2754238"
"Our Lady of Mount Carmel Church","Archdiocese of New York","Cold Lead","1","No","","39, East 22nd Street, Bayonne, NJ","","","https://johnpaul2parish.com/","No","No","No","No","40.6628809","-74.117087"
"Bethel Gospel Assembly","Archdiocese of New York","Cold Lead","1","No","","1485, 5th Avenue","","","https://www.bethelga.org/","No","No","No","No","40.8026303","-73.9446473"
"Saint Thomas More Roman Catholic Church","Archdiocese of New York","Cold Lead","1","No","","204-25, Rockaway Point Boulevard, 11697","","","https://www.btparish.org/","No","No","No","No","40.5604079","-73.9141097"
"Our Lady of Peace","Archdiocese of New York","Cold Lead","1","No","","522, Carroll Street, 11215","","","https://ourladyofpeace-brooklyn.org/","No","No","No","No","40.6763606","-73.985225"
"Saint Rocco's Roman Catholic Church","Archdiocese of New York","Cold Lead","1","No","","","","","http://www.saintroccochurch.com/","No","No","No","No","40.6586842","-73.9985627"
"St. Augustine Park Slope","Archdiocese of New York","Cold Lead","1","No","","","","","https://sasfx.org","No","No","No","No","40.6784377","-73.9764794"
"Roman Catholic Church of Saint Dominic","Archdiocese of New York","Cold Lead","1","No","","7413, 20th Avenue, 11204","","","https://stathanasius-stdominic-brooklyn.org/","No","No","No","No","40.6110999","-73.9911064"
"Saint Frances de Chantal Roman Catholic Church","Archdiocese of New York","Cold Lead","1","No","","","","","https://francesdechantal.org","No","No","No","No","40.6303947","-73.9973397"
"Holy Spirit Roman Catholic Church","Archdiocese of New York","Cold Lead","1","No","","","","","https://www.holyspiritbrooklyn.org","No","No","No","No","40.6311887","-73.9808871"
"The Oratory Church of St. Boniface","Archdiocese of New York","Cold Lead","1","No","","190, Duffield Street, 11201","","","https://oratorychurch.org/","No","No","No","No","40.6925502","-73.984608"
"Saint Raphael's Roman Catholic Church","Archdiocese of New York","Cold Lead","1","No","","37-02, Hunters Point Avenue, 11104","","","https://straphael-queens.org/","No","No","No","No","40.7371691","-73.9296972"
"Church for All Nations","Archdiocese of New York","Cold Lead","1","No","","417, West 57th Street, New York, NY, 10019","","","https://www.cfan.net/","No","No","No","No","40.7684898","-73.9863298"
"Holy Cross Catholic Church","Archdiocese of New York","Cold Lead","1","No","","329, West 42nd Street, New York, 10036","","","https://holycrossnyc.com/","No","No","No","No","40.7581531","-73.9911636"
"Church of St. Vincent Ferrer","Archdiocese of New York","Cold Lead","1","No","","","","","https://www.csvf.org/","No","No","No","No","40.7662012","-73.9646622"
"St. Jean Baptiste Church","Archdiocese of New York","Cold Lead","1","No","","1067, Lexington Avenue, New York, 10021","","","http://stjeanbaptisteny.org/","No","No","No","No","40.7726132","-73.9600254"
"St. Lucy's Church","Archdiocese of New York","Cold Lead","1","No","","340, East 104th Street, New York, 10029","","","http://www.saintlucychurch.com","No","No","No","No","40.7884567","-73.9419527"
"Holy Cross Church","Archdiocese of New York","Cold Lead","1","No","","220, Browertown Road, Woodland Park, NJ, 07424","","","https://www.holycrosssite.org/","No","No","No","No","40.8878619","-74.2057458"
"Roman Catholic Church of Saint John","Archdiocese of New York","Cold Lead","1","No","","3033, Kingsbridge Avenue, Bronx, 10463","","","https://stjohnvisitationparish.org/english/?option=com_content&view=article&id=2&Itemid=101","No","No","No","No","40.8792631","-73.9076731"
"Our Lady of Victory Catholic Church","Archdiocese of New York","Cold Lead","1","No","","60, William Street, New York, NY, 10005","","","https://spcolr.org/","No","No","No","No","40.7070139","-74.0087164"
"Saint Calixtus Chapel","Archdiocese of New York","Cold Lead","1","No","","34-02, Greenpoint Ave, Long Island City, NY, 11101","","","https://calvaryandalliedcemeteries.com/venue/st-callixtus-chapel/","No","No","No","No","40.7320842","-73.93217"
"Transfiguration Roman Catholic Church","Archdiocese of New York","Cold Lead","1","No","","64-25, Perry Avenue, Maspeth, NY, 11378","","","https://transtans.org/","No","No","No","No","40.7241415","-73.9013439"
"Saint Josaphat Roman Catholic Church","Archdiocese of New York","Cold Lead","1","No","","34-32, 210th Street, Bayside, NY, 11361","","","https://stjosaphat-queens.org/","No","No","No","No","40.7685","-73.7774496"
"Saint Mark Roman Catholic Church","Archdiocese of New York","Cold Lead","1","No","","2609, East 19th Street, Brooklyn, NY, 11235","","","https://stmarkbrooklyn.org/","No","No","No","No","40.5881522","-73.9499565"
"Our Lady of the Lake Church","Archdiocese of New York","Cold Lead","1","No","","22, Lakeside Avenue, Verona, NJ","","","https://ollverona.org/","No","No","No","No","40.8307438","-74.2464189"
"Saint Patrick & Assumption All Saints","Archdiocese of New York","Cold Lead","1","No","","344, Pacific Avenue, Jersey City, NJ, 07304","","","https://stpaasjc.org/","No","No","No","No","40.7122431","-74.0608896"
"Saint James Roman Catholic Church","Archdiocese of New York","Cold Lead","1","No","","369, Amboy Avenue, Woodbridge, NJ, 07095","","","https://www.stjamesonline.org/","No","No","No","No","40.5530107","-74.2827105"
"Saint Luke's Roman Catholic Church","Archdiocese of New York","Cold Lead","1","No","","340, Franklin Turnpike, Ho-Ho-Kus, NJ, 07423","","","https://www.churchofstluke.org/","No","No","No","No","41.0075216","-74.116345"
"Assumption of The Blessed Virgin Mary Ukrainian Catholic Church","Archdiocese of New York","Cold Lead","1","No","","30, East 25th Street, Bayonne, NJ, 07002","","","https://ukrcatholic.org/parishes/assumption-of-the-blessed-virgin-mary-church","No","No","No","No","40.6647957","-74.1160089"
"Saint Mary’s Ukrainian Catholic Church","Archdiocese of New York","Cold Lead","1","No","","","","","https://stmaryscarteret.org/","No","No","No","No","40.585065","-74.2243232"
"Saint Hedwig Roman Catholic Church","Archdiocese of New York","Cold Lead","1","No","","600, Myrtle Street, Elizabeth, NJ, 07202","","","https://www.sainthedwignj.org/","No","No","No","No","40.6442726","-74.2154339"
"Shalom Catholic Community","Archdiocese of New York","Not Suitable","1","No","","21, Nassau Avenue, 11222","+1-347-916-1402","","","No","No","No","No","40.7229146","-73.9537462"
"Alianza Christian Missionary Church","Archdiocese of New York","Not Suitable","1","No","","505, East 142nd Street, Bronx, 10454","+17184014011","","","No","No","No","No","40.8105217","-73.9177485"
"Saint Michael Catholic Church","Archdiocese of New York","Not Suitable","1","No","","211, Harbor Road, 10303","+1 718-442-1688","","","No","No","No","No","40.6313404","-74.1600187"
"Blessed Sacrament Church","Archdiocese of New York","Not Suitable","1","No","","","+1-718-827-1200","","","No","No","No","No","40.6837027","-73.874717"
"St. Nicholas Ukrainian Catholic Church","Archdiocese of New York","Not Suitable","1","No","","256, 19th Street, 11215","+1-718-369-4301","","","No","No","No","No","40.6619446","-73.9917994"
"Coney Island Cathedral","Archdiocese of New York","Not Suitable","1","No","","2816, Mermaid Avenue, Brooklyn, NY, 11224","+1-718-841-7377","contact@coneyislandcathedral.com","","No","No","No","No","40.5752729","-73.9948115"
"Coney Island Gospel Assembly","Archdiocese of New York","Not Suitable","1","No","","2828, Neptune Avenue, Brooklyn, NY, 11224","+1-718-996-9301","","","No","No","No","No","40.5775134","-73.9954688"
"Basilica of Saint Patrick's Old Cathedral - Most Precious Blood Catholic Church","Archdiocese of New York","Not Suitable","1","No","","113, Baxter Street, New York;Manhattan, NY, 10013","+1 212-226-8075","","","No","No","No","No","40.717775","-73.9988829"
"Saint Brigid Catholic Church","Archdiocese of New York","Not Suitable","1","No","","119, Avenue B, 10009","+1 212-677-0044","","","No","No","No","No","40.7253865","-73.9806255"
"Saints Cyril and Methodius","Archdiocese of New York","Not Suitable","1","No","","161, Eagle Street, Brooklyn, NY, 11222","+1-718-389-4424","","","No","No","No","No","40.7355855","-73.9541354"
"Saint Anthony of Padua Roman Catholic Church","Archdiocese of New York","Not Suitable","1","No","","436, Port Reading Avenue, Port Reading, NJ, 07064","+1 732 634 1403","","","No","No","No","No","40.5652079","-74.2537082"
"Roman Catholic Church of the Transfiguration","Archdiocese of New York","Not Suitable","1","No","","263, Marcy Avenue, 11211","+1-718-388-8773","","","No","No","No","No","40.7054316","-73.9558504"
"St. Teresa of the Infant Jesus's Church","Archdiocese of New York","Not Suitable","1","No","","1634, Victory Boulevard, 10314","+1-718-442-5412","","","No","No","No","No","40.6130484","-74.1179675"
"Blessed Sacrament Church Catholic Church","Archdiocese of New York","Not Suitable","1","No","","15, Shea Place, New Rochelle, NY, 10801","+1 914-632-3700","","","No","No","No","No","40.9060329","-73.7832528"
"Annunciation Church Catholic Church","Archdiocese of New York","Not Suitable","1","No","","","+1 914-779-7345","","","No","No","No","No","40.9704842","-73.8209013"
"Saints John and Paul Catholic Church","Archdiocese of New York","Not Suitable","1","No","","280, Weaver Street, Larchmont, NY, 10538","+1 914-834-4597","","","No","No","No","No","40.941247","-73.7560222"
"Saint Agnes Catholic Church","Archdiocese of Miami","Not Suitable","0","No","","","","","","No","No","No","No","25.7925984","-80.2003257"
"Iglesia Catolica Santa Barbara","Archdiocese of Miami","Not Suitable","0","No","","","","","","No","No","No","No","25.7753769","-80.2094927"
"Our Lady of Lakes Catholic Church","Archdiocese of Miami","Not Suitable","0","No","","","","","","No","No","No","No","25.7559336","-80.3553304"
"Ukrainian Catholic Church Assumption of the Blessed Virgin Mary","Archdiocese of Miami","Not Suitable","0","No","","","","","","No","No","No","No","25.782321","-80.1983812"
"Visitation Catholic Church","Archdiocese of Miami","Not Suitable","0","No","","","","","","No","No","No","No","25.7975983","-80.2261599"
"Traditional Catholic Church","Archdiocese of Miami","Not Suitable","0","No","","","","","","No","No","No","No","25.8462076","-80.2261598"
"Christ the King Catholic Church","Archdiocese of Miami","Not Suitable","0","No","","","","","","No","No","No","No","25.8239862","-80.221993"
"Good Shepherd Catholic Church","Archdiocese of Miami","Not Suitable","0","No","","","","","","No","No","No","No","25.8465784","-80.2352042"
"Haitian Catholic Center","Archdiocese of Miami","Not Suitable","0","No","","","","","","No","No","No","No","25.8656514","-80.2122703"
"Mother of Christ Catholic Church","Archdiocese of Miami","Not Suitable","0","No","","","","","","No","No","No","No","25.8684421","-80.1939048"
"Our Lady of the Divine Providence Catholic Church","Archdiocese of Miami","Not Suitable","0","No","","","","","","No","No","No","No","25.8670403","-80.242827"
"Saint Basil Catholic Church Byzantine Rite","Archdiocese of Miami","Not Suitable","0","No","","","","","","No","No","No","No","25.7600997","-80.2344936"
"Saint Dominics Catholic Church","Archdiocese of Miami","Not Suitable","0","No","","","","","","No","No","No","No","25.7720437","-80.2164375"
"Saint Cecilia Catholic Church","Archdiocese of Miami","Not Suitable","0","No","","","","","","No","No","No","No","25.7781545","-80.2025481"
"Saint Josephs Catholic Church","Archdiocese of Miami","Not Suitable","0","No","","","","","","No","No","No","No","25.7920442","-80.2276267"
"Saint Jude at Assumption Catholic Church-Melkite Rite","Archdiocese of Miami","Not Suitable","0","No","","","","","","No","No","No","No","25.7892652","-80.1997701"
"Santa Martha Catholic Church","Archdiocese of Miami","Not Suitable","0","No","","","","","","No","No","No","No","25.8031537","-80.2219931"
"Saint Michaels Catholic Church","Archdiocese of Miami","Not Suitable","0","No","","","","","","No","No","No","No","25.826764","-80.2483828"
"Santa Rosa of Lima Catholic Church","Archdiocese of Miami","Not Suitable","0","No","","","","","","No","No","No","No","25.8378746","-80.2261598"
"Saint Kierans Church","Archdiocese of Miami","Not Suitable","0","No","","","","","","No","No","No","No","25.7423224","-80.2139375"
"Saint Thomas the Apostle Catholic Church","Archdiocese of Miami","Not Suitable","0","No","","","","","","No","No","No","No","25.712061","-80.3119937"
"Saint John Bosco","Archdiocese of Miami","Not Suitable","0","No","","","","","","No","No","No","No","25.7737693","-80.2172649"
"Notre Dame d'Haiti Mission","Archdiocese of Miami","Not Suitable","0","No","","","","","","No","No","No","No","25.8318991","-80.1937491"
"Cor Jesu Chapel","Archdiocese of Miami","Not Suitable","0","No","","","","","","No","No","No","No","25.879162","-80.1963755"
"Saint Augustine Church","Archdiocese of Miami","Not Suitable","0","No","","1400, Miller Road, Coral Gables, FL, 33146","","","","No","No","No","No","25.7186485","-80.2832056"
"Saint James Catholic Church","Archdiocese of Miami","Not Suitable","0","No","","370, Grand Concession, Miami Shores, 33138","","","","No","No","No","No","25.8630333","-80.1897187"
"Christ the King Church","Archdiocese of Miami","Not Suitable","0","No","","16000, Southwest 112th Avenue, Miami, FL, 33157","","","","No","No","No","No","25.6197904","-80.375467"
"Our Lady of Assumption Catholic Church","Diocese of Fort Lauderdale","Not Suitable","0","No","","","","","","No","No","No","No","26.1273081","-80.1039329"
"Saint Luke Catholic Church","Diocese of Fort Lauderdale","Not Suitable","0","No","","","","","","No","No","No","No","26.2448039","-80.1872687"
"Saint Gabriel Catholic Church","Diocese of Fort Lauderdale","Not Suitable","0","No","","","","","","No","No","No","No","26.1475852","-80.102544"
"Saint Henry Catholic Church","Diocese of Fort Lauderdale","Not Suitable","0","No","","","","","","No","No","No","No","26.1739732","-80.1344893"
"Saint Jerome Catholic Church","Diocese of Fort Lauderdale","Not Suitable","0","No","","","","","","No","No","No","No","26.1128673","-80.1372983"
"Saint Helen Catholic Church","Diocese of Fort Lauderdale","Not Suitable","0","No","","","","","","No","No","No","No","26.1673069","-80.2081028"
"Saint Gregory Church","Diocese of Fort Lauderdale","Not Suitable","0","No","","200, North University Drive, Plantation, FL, 33324","","","","No","No","No","No","26.123951","-80.2538245"
"Saint Clement Catholic Church","Diocese of Fort Lauderdale","Not Suitable","0","No","","","","","","No","No","No","No","26.0864764","-80.1414342"
"Saint Anthony Catholic Church","Diocese of Fort Lauderdale","Not Suitable","0","No","","","","","","No","No","No","No","26.1256416","-80.1289337"
"Nativity Catholic Church","Diocese of Fort Lauderdale","Not Suitable","0","No","","","","","","No","No","No","No","26.0295341","-80.1442121"
"Annunciation Catholic Church","Diocese of Fort Lauderdale","Not Suitable","0","No","","","","","","No","No","No","No","26.0114794","-80.190047"
"Saint Stephens Catholic Church","Diocese of Fort Lauderdale","Not Suitable","0","No","","","","","","No","No","No","No","26.014257","-80.1581015"
"Saint Maximilian Catholic Church","Diocese of Fort Lauderdale","Not Suitable","0","No","","","","","","No","No","No","No","26.0130685","-80.2957584"
"Saint Charles Borromeo Catholic Church","Diocese of Fort Lauderdale","Not Suitable","0","No","","","","","","No","No","No","No","26.0128681","-80.1636572"
"Saint Bernadette Catholic Church","Diocese of Fort Lauderdale","Not Suitable","0","No","","","","","","No","No","No","No","26.0223941","-80.1441349"
"All Saints Catholic Church","Diocese of Fort Lauderdale","Not Suitable","0","No","","","","","","No","No","No","No","26.1673395","-80.294992"
"Saint Andrew Catholic Church","Diocese of Fort Lauderdale","Not Suitable","0","No","","9950, Northwest 29th Street, Coral Springs, FL, 33065","","","","No","No","No","No","26.2658796","-80.258781"
"Saint Paul Church","Diocese of Fort Lauderdale","Not Suitable","0","No","","","","","","No","No","No","No","26.2750725","-80.0863264"
"Blessed Sacrament Catholic Church","Diocese of Fort Lauderdale","Not Suitable","0","No","","","","","","No","No","No","No","26.1679655","-80.1235557"
"Saint Edward Catholic Church","Diocese of Fort Lauderdale","Not Suitable","0","No","","FL","","","","No","No","No","No","26.0056751","-80.4031287"
"Saint Colemans Catholic Church","Diocese of Fort Lauderdale","Not Suitable","0","No","","","","","","No","No","No","No","26.2149372","-80.1054443"
"Mary Help of Christian's Catholic Church","Diocese of Fort Lauderdale","Not Suitable","0","No","","","","","","No","No","No","No","26.3035114","-80.249741"
"Saint Sebastian's Catholic Church","Diocese of Fort Lauderdale","Not Suitable","0","No","","2000, Marietta Drive, Fort Lauderdal, FL, 33316","","","","No","No","No","No","26.0962087","-80.1121755"
"St. Anthony Catholic Church","Diocese of Fort Lauderdale","Not Suitable","0","No","","901, Northeast 2nd Street, Fort Lauderdale, FL, 33301","","","","No","No","No","No","26.1249514","-80.1340284"
"Resurrection Roman Catholic","Diocese of Fort Lauderdale","Not Suitable","0","No","","441, Northeast 2nd Place, Dania Beach, FL, 33004","","","","No","No","No","No","26.057907","-80.1362915"
"Saint Katharine Drexel Catholic Church","Diocese of Fort Lauderdale","Not Suitable","0","No","","2501, South Post Road, Weston, FL, 33331","","","","No","No","No","No","26.0901839","-80.411044"
"Saint Teresa Catholic Church","Diocese of Orlando","Not Suitable","0","No","","","","","","No","No","No","No","28.580831","-80.801165"
"Saint Pierre Liberal Catholic Church","Diocese of Orlando","Not Suitable","0","No","","","","","","No","No","No","No","28.1406","-80.6317"
"Saint John the Evangelist Catholic Church","Diocese of Orlando","Not Suitable","0","No","","","","","","No","No","No","No","28.2616936","-80.7375378"
"Our Lady of Grace","Diocese of Orlando","Not Suitable","0","No","","","","","","No","No","No","No","27.9977859","-80.6650782"
"Saint Joseph's Catholic Church","Diocese of Orlando","Not Suitable","0","No","","1425, Northeast Miller Street, Palm Bay, FL, 32905","","","","No","No","No","No","28.0337957","-80.5864192"
"Saint Lukes Catholic Church","Diocese of Orlando","Not Suitable","0","No","","","","","","No","No","No","No","27.8798627","-80.5195387"
"Saint Joseph Catholic Church","Diocese of Orlando","Not Suitable","0","No","","","","","","No","No","No","No","28.0158728","-80.6229583"
"Saint Pauls Polish National Catholic Church","Diocese of Orlando","Not Suitable","0","No","","","","","","No","No","No","No","29.0597125","-82.0606999"
"Saint Jude Catholic Church","Diocese of Orlando","Not Suitable","0","No","","","","","","No","No","No","No","29.1933099","-82.0942572"
"Epiphany Catholic Church","Diocese of Orlando","Not Suitable","0","No","","","","","","No","No","No","No","29.2891462","-81.0622785"
"Saint Pauls Catholic Church","Diocese of Orlando","Not Suitable","0","No","","","","","","No","No","No","No","29.2238699","-81.0289443"
"Saint Timothy Catholic Church","Diocese of Orlando","Not Suitable","0","No","","","","","","No","No","No","No","28.9471061","-81.9537538"
"Saint Joseph of the Forest Catholic Church","Diocese of Orlando","Not Suitable","0","No","","","","","","No","No","No","No","29.1730556","-81.8661111"
"San Jose Catholic Mission","Diocese of Orlando","Not Suitable","0","No","","","","","","No","No","No","No","29.2058333","-81.45"
"Saint Peters Catholic Church","Diocese of Orlando","Not Suitable","0","No","","","","","","No","No","No","No","29.028634","-81.309789"
"Holy Dormition Catholic Church","Diocese of Orlando","Not Suitable","0","No","","","","","","No","No","No","No","29.254561","-81.198562"
"Saint Peters Catholic Church San Jose Mission","Diocese of Orlando","Not Suitable","0","No","","","","","","No","No","No","No","29.2057","-81.4503"
"Saint John the Baptist Catholic Church","Diocese of Orlando","Not Suitable","0","No","","","","","","No","No","No","No","29.4000678","-81.5103131"
"Our Lady of Hope Catholic Church","Diocese of Orlando","Not Suitable","0","No","","","","","","No","No","No","No","29.129002","-81.0245653"
"Saint Mary's Church","Diocese of Orlando","Not Suitable","0","No","","","","","","No","No","No","No","29.4058146","-81.1938368"
"Santa Maria del Mar Catholic Church","Diocese of Orlando","Not Suitable","0","No","","","","","","No","No","No","No","29.4868181","-81.1317305"
"Mother Seton Catholic Church","Diocese of Orlando","Not Suitable","0","No","","","","","","No","No","No","No","29.4680758","-81.1233395"
"Saint Stephen Catholic Chapel","Diocese of Orlando","Not Suitable","0","No","","2400, East Moody Boulevard, Bunnell, FL, 32110","","","","No","No","No","No","29.4761157","-81.2427886"
"St Brendan Catholic Church","Diocese of Orlando","Not Suitable","0","No","","","","","","No","No","No","No","29.3156715","-81.053255"
"Saint Clare Catholic Church","Diocese of Orlando","Not Suitable","0","No","","","","","","No","No","No","No","28.922537","-81.1813019"
"Epiphany Catholic Church Church","Diocese of Orlando","Not Suitable","0","No","","201, Lafayette Street, Port Orange, 32127","","","","No","No","No","No","29.1339913","-80.9864465"
"Our Lady of the Springs Catholic Church","Diocese of Orlando","Not Suitable","0","No","","","","","","No","No","No","No","29.2089794","-82.0792312"
"Saint Margarets Catholic Church","Diocese of Venice","Not Suitable","0","No","","","","","","No","No","No","No","26.7553","-80.9319"
"Our Lady of Grace Catholic Church","Diocese of Venice","Not Suitable","0","No","","595, East Main Street, Avon Park, FL, 33825","","","","No","No","No","No","27.5962","-81.4906"
"Saint Maximilian Kolbe Catholic Church","Diocese of Venice","Not Suitable","0","No","","","","","","No","No","No","No","27.0056042","-82.1602396"
"St. Mary's Ukrainian Catholic Church","Diocese of Venice","Not Suitable","0","No","","","","","","No","No","No","No","27.0783771","-82.2458735"
"Sacred Heart Catholic Church","Diocese of Venice","Not Suitable","0","No","","","","","","No","No","No","No","27.237147","-80.838663"
"Saint Johns Catholic Church","Archdiocese of New York","Not Suitable","0","No","","","","","","No","No","No","No","41.0512165","-73.9192668"
"Saint Nicholas Church","Archdiocese of New York","Not Suitable","0","No","","","","","","No","No","No","No","40.6134409","-74.1062556"
"Lady of Pity Roman Catholic Church","Archdiocese of New York","Not Suitable","0","No","","","","","","No","No","No","No","40.818434","-73.921248"
"Saint Adalbert's Polish Roman Catholic Church","Archdiocese of New York","Not Suitable","0","No","","","","","","No","No","No","No","40.8203785","-73.9145811"
"Saint Jerome's Roman Catholic Church","Archdiocese of New York","Not Suitable","0","No","","230, Alexander Avenue, 10454","","","","No","No","No","No","40.8098338","-73.925058"
"Holy Trinity Catholic Church","Archdiocese of New York","Not Suitable","0","No","","","","","","No","No","No","No","40.9373209","-73.8831909"
"Saint Margaret's Roman Catholic Church","Archdiocese of New York","Not Suitable","0","No","","","","","","No","No","No","No","40.936867","-73.8898701"
"Monastery of the Blessed Sacrament","Archdiocese of New York","Not Suitable","0","No","","","","","","No","No","No","No","40.9406541","-73.89208"
"Saint Mary's Roman Catholic Church","Archdiocese of New York","Not Suitable","0","No","","","","","","No","No","No","No","40.9113562","-73.8473972"
"Saint Catherine's Catholic Church","Archdiocese of New York","Not Suitable","0","No","","","","","","No","No","No","No","40.9120436","-73.8120779"
"Holy Trinity Roman Catholic Church","Archdiocese of New York","Not Suitable","0","No","","","","","","No","No","No","No","40.9502989","-73.7307407"
"Saint Valentine's Roman Catholic Church","Archdiocese of New York","Not Suitable","0","No","","","","","","No","No","No","No","40.8830921","-73.8583349"
"Roman Catholic Church of Christ the King","Archdiocese of New York","Not Suitable","0","No","","141, Marcy Place, 10452","","","","No","No","No","No","40.8376953","-73.9155914"
"Saint John Chrysostom Roman Catholic Church","Archdiocese of New York","Not Suitable","0","No","","985, East 167th Street, 10459","","","","No","No","No","No","40.8269291","-73.8906029"
"Saint Joan of Arc Roman Catholic Church","Archdiocese of New York","Not Suitable","0","No","","","","","","No","No","No","No","40.8338889","-73.8763889"
"Saint John Vianney Roman Catholic Church","Archdiocese of New York","Not Suitable","0","No","","","","","","No","No","No","No","40.8213889","-73.8491667"
"Saint Raymond's Roman Catholic Church","Archdiocese of New York","Not Suitable","0","No","","1759, Castle Hill Avenue, 10461","","","","No","No","No","No","40.8417364","-73.8536121"
"Saint Boniface Roman Catholic Church","Archdiocese of New York","Not Suitable","0","No","","","","","","No","No","No","No","40.6944803","-73.7167296"
"Roman Catholic Church of Saint Aloysius","Archdiocese of New York","Not Suitable","0","No","","","","","","No","No","No","No","40.7077778","-73.9141667"
"Saint Pius V Roman Catholic Church","Archdiocese of New York","Not Suitable","0","No","","","","","","No","No","No","No","40.6934071","-73.8044016"
"Saint Stanislaus Roman Catholic Church","Archdiocese of New York","Not Suitable","0","No","","","","","","No","No","No","No","40.6820859","-73.8514997"
"Saint Pius X Church","Archdiocese of New York","Not Suitable","0","No","","","","","","No","No","No","No","40.6561052","-73.7384741"
"Generoso Pope Catholic Center at New York University","Archdiocese of New York","Not Suitable","0","No","","","","","","No","No","No","No","40.7299234","-73.9981687"
"Saint Elias Greek Rite Catholic Church","Archdiocese of New York","Not Suitable","0","No","","","","","","No","No","No","No","40.73114","-73.9550963"
"Good Shepherd Roman Catholic Church","Archdiocese of New York","Not Suitable","0","No","","","","","","No","No","No","No","40.605129","-73.9403471"
"Our Lady of Good Counsel Roman Catholic Church","Archdiocese of New York","Not Suitable","0","No","","","","","","No","No","No","No","40.6870995","-73.9251443"
"Our Lady Queen of Martyrs Roman Catholic Church","Archdiocese of New York","Not Suitable","0","No","","","","","","No","No","No","No","40.8637712","-73.9280369"
"Saint Roslia Roman Catholic Church","Archdiocese of New York","Not Suitable","0","No","","1230, 65th Street, Brooklyn, NY, 11219","","","","No","No","No","No","40.6266829","-74.003167"
"Coptic Orthodox Church of Saint George","Archdiocese of New York","Not Suitable","0","No","","","","","","No","No","No","No","40.6272597","-74.0066341"
"Roman Catholic Church of Our Lady of Good Counsel","Archdiocese of New York","Not Suitable","0","No","","","","","","No","No","No","No","40.6164615","-73.7397579"
"Saint Gabriel's Roman Catholic Church","Archdiocese of New York","Not Suitable","0","No","","","","","","No","No","No","No","41.0188498","-74.0966731"
"Madonna Roman Catholic Church and Christ the Reacher School","Archdiocese of New York","Not Suitable","0","No","","","","","","No","No","No","No","40.8513605","-73.9746199"
"Saint Nicholas Catholic Church","Archdiocese of New York","Not Suitable","0","No","","","","","","No","No","No","No","40.5162164","-74.2734793"
"Saint Stephen's Roman Catholic Church","Archdiocese of New York","Not Suitable","0","No","","","","","","No","No","No","No","40.5158587","-74.2637694"
"Holy Family Roman Catholic Church","Archdiocese of New York","Not Suitable","0","No","","","","","","No","No","No","No","40.5784377","-74.2215337"
"Saint Elias Byzantine Rite Catholic Church","Archdiocese of New York","Not Suitable","0","No","","","","","","No","No","No","No","40.5776044","-74.2201448"
"Saint Elizabeth's Roman Catholic Church","Archdiocese of New York","Not Suitable","0","No","","","","","","No","No","No","No","40.5778822","-74.2248672"
"Saint Andrew's Roman Catholic Church","Archdiocese of New York","Not Suitable","0","No","","","","","","No","No","No","No","40.5794962","-74.2800796"
"Our Lady of Mount Carmel Catholic Church","Archdiocese of New York","Not Suitable","0","No","","","","","","No","No","No","No","40.5509379","-74.2790352"
"Saint Casimir Roman Catholic Church","Archdiocese of New York","Not Suitable","0","No","","","","","","No","No","No","No","40.9250986","-74.1604217"
"Saint Teresa Roman Catholic Church","Archdiocese of New York","Not Suitable","0","No","","","","","","No","No","No","No","40.9164876","-74.1415322"
"Blessed Sacrament Roman Catholic Church","Archdiocese of New York","Not Suitable","0","No","","","","","","No","No","No","No","40.9325985","-74.1520881"
"Holy Rosary Roman Catholic Church","Archdiocese of New York","Not Suitable","0","No","","","","","","No","No","No","No","40.8641848","-74.1109586"
"Saint Joseph Roman Catholic Church","Archdiocese of New York","Not Suitable","0","No","","","","","","No","No","No","No","40.8677039","-74.1201641"
"Slavonian Catholic Church of the Assumption","Archdiocese of New York","Not Suitable","0","No","","","","","","No","No","No","No","40.8680849","-74.1175724"
"Saint Catherine Catholic Church","Archdiocese of New York","Not Suitable","0","No","","","","","","No","No","No","No","41.0920405","-74.2657038"
"Holy Spirit Byzantine Catholic Church","Archdiocese of New York","Not Suitable","0","No","","","","","","No","No","No","No","41.0989849","-74.1523667"
"Saint Anthony's Roman Catholic Church","Archdiocese of New York","Not Suitable","0","No","","","","","","No","No","No","No","41.0050111","-73.9457105"
"Saint Joseph's Roman Catholic Church","Archdiocese of New York","Not Suitable","0","No","","","","","","No","No","No","No","40.9507811","-74.0245228"
"Saint Michael's Catholic Church","Archdiocese of New York","Not Suitable","0","No","","","","","","No","No","No","No","40.8478778","-73.9959722"
"Our Lady of Mount Carmel Roman Catholic Church","Archdiocese of New York","Not Suitable","0","No","","","","","","No","No","No","No","40.9237099","-73.9640265"
"Saint Paul's Roman Catholic Church","Archdiocese of New York","Not Suitable","0","No","","","","","","No","No","No","No","40.9350984","-74.1779223"
"Saint Georges Roman Catholic Church","Archdiocese of New York","Not Suitable","0","No","","","","","","No","No","No","No","40.8934323","-74.1559772"
"Sacred Heart Roman Catholic Church","Archdiocese of New York","Not Suitable","0","No","","","","","","No","No","No","No","40.6676251","-74.2028407"
"Saint Anthony's Convent","Archdiocese of New York","Not Suitable","0","No","","","","","","No","No","No","No","40.6587139","-74.2070894"
"Saint Michael's Roman Catholic Church","Archdiocese of New York","Not Suitable","0","No","","","","","","No","No","No","No","40.6612139","-74.2029226"
"Saint Nicholas Carpathia Russian Greek Catholic Church","Archdiocese of New York","Not Suitable","0","No","","","","","","No","No","No","No","40.647863","-74.2160507"
"Saint Peter and Paul's Greek Catholic Church","Archdiocese of New York","Not Suitable","0","No","","","","","","No","No","No","No","40.6503808","-74.1957001"
"Immaculate Heart of Mary Roman Catholic Church","Archdiocese of New York","Not Suitable","0","No","","","","","","No","No","No","No","40.6506587","-74.1893111"
"Saint Johns Greek Catholic Church","Archdiocese of New York","Not Suitable","0","No","","","","","","No","No","No","No","40.6126035","-74.277369"
"Our Lady Help of the Christians Catholic Church","Archdiocese of New York","Not Suitable","0","No","","","","","","No","No","No","No","40.7645452","-74.2143124"
"Saint Vladimir's Catholic Church","Archdiocese of New York","Not Suitable","0","No","","","","","","No","No","No","No","40.6576028","-74.2173675"
"Saint Marys Orthodox Catholic Church","Archdiocese of New York","Not Suitable","0","No","","","","","","No","No","No","No","40.6708319","-74.117485"
"Saint Peter The Apostle Roman Catholic Church","Archdiocese of New York","Not Suitable","0","No","","","","","","No","No","No","No","40.9263889","-74.0461111"
"Saint Catherines Roman Catholic Church","Archdiocese of New York","Not Suitable","0","No","","","","","","No","No","No","No","40.9558333","-74.1313889"
"St. Paul Ukrainian Catholic Church","Archdiocese of New York","Not Suitable","0","No","","","","","","No","No","No","No","41.0595494","-74.1482051"
"St. Cassian's Church","Archdiocese of New York","Not Suitable","0","No","","","","","","No","No","No","No","40.8408421","-74.2049112"
"Saint Nicholas Roman Catholic Church","Archdiocese of New York","Not Suitable","0","No","","38, Olive Street, 11211","","","","No","No","No","No","40.7136895","-73.9384636"
"Saint Adalbert Catholic Church","Archdiocese of New York","Not Suitable","0","No","","52-29, 83rd Street, 11373","","","","No","No","No","No","40.7323487","-73.8829259"
"Saint Theresa of the Infant Jesus Roman Catholic Church","Archdiocese of New York","Not Suitable","0","No","","2855, Saint Theresa Avenue, 10461","","","","No","No","No","No","40.8497177","-73.8336925"
"Saint Teresa of Avila Roman Catholic Church","Archdiocese of New York","Not Suitable","0","No","","109-26, 130th Street, 11420","","","","No","No","No","No","40.6839214","-73.8133135"
"Hallel Institute","Archdiocese of New York","Not Suitable","0","No","","175, route 340, Sparkill, NY, 10976","","","","No","No","No","No","41.0394034","-73.9333963"
"Assumption Church","Archdiocese of New York","Not Suitable","0","No","","29, Jefferson Avenue, Emerson, NJ, 07630","","","","No","No","No","No","40.9765492","-74.0251466"
"Iglesia","Archdiocese of New York","Not Suitable","0","No","","971, Jennings Street","","","","No","No","No","No","40.8317077","-73.8884211"
"Church of Joseph","Archdiocese of New York","Not Suitable","0","No","","2325, Bragg Street, Brooklyn, NY, 11229","","","","No","No","No","No","40.5958882","-73.935008"
"St. Genevieve's Church","Archdiocese of New York","Not Suitable","0","No","","","","","","No","No","No","No","40.5661539","-73.8892231"
"St. Thomas the Apostle Roman Catholic Church","Archdiocese of New York","Not Suitable","0","No","","","","","","No","No","No","No","40.5249459","-74.2105912"
"Virgin Mary Tree","Archdiocese of New York","Not Suitable","0","No","","60th Street, West New York, NJ, 07093","","","","No","No","No","No","40.7894277","-74.016058"
"Our Lady Mother of the Church","Archdiocese of New York","Not Suitable","0","No","","209, Woodcliff Avenue, Woodcliff Lake, NJ, 07677","","","","No","No","No","No","41.0208419","-74.0640815"
"Our Lady of Victories Church","Archdiocese of New York","Not Suitable","0","No","","","","","","No","No","No","No","40.9856166","-73.9816357"
"Sacred Heart Church","Archdiocese of New York","Not Suitable","0","No","","","","","","No","No","No","No","40.8512866","-74.1152516"
"St. Paul Roman Catholic Church","Archdiocese of New York","Not Suitable","0","No","","","","","","No","No","No","No","41.0512736","-74.1512565"
"Saint Paul the Apostle Catholic Church","Archdiocese of New York","Not Suitable","0","No","","","","","","No","No","No","No","40.909817","-73.8798565"
"Saint Margaret Mary Catholic Church","Archdiocese of New York","Not Suitable","0","No","","","","","","No","No","No","No","40.5769235","-73.947667"
"St Mary's Roman Catholic Church","Archdiocese of New York","Not Suitable","0","No","","17, Pompton Avenue, Pompton Lakes, NJ, 07442","","","","No","No","No","No","41.0021043","-74.2898186"
"Newman Catholic Center","Archdiocese of New York","Not Suitable","0","No","","","","","","No","No","No","No","40.8593264","-74.1966176"
"Holy Cross Roman Catholic Church","Archdiocese of New York","Not Suitable","0","No","","18, Van Duyne Avenue, Wayne, NJ, 07470","","","","No","No","No","No","40.9105294","-74.2611755"
"Korean Catholic Apostolate Church","Archdiocese of New York","Not Suitable","0","No","","","","","","No","No","No","No","40.6298554","-74.0807959"
"Our Lady of Lebanon Roman Catholic Church","Archdiocese of New York","Not Suitable","0","No","","109, Remsen Street, 11201","","","","No","No","No","No","40.6942066","-73.9941251"
"Church of Saint Joseph","Archdiocese of New York","Not Suitable","0","No","","","","","","No","No","No","No","40.5529513","-74.213048"
"Father Capodanno Memorial Chapel","Archdiocese of New York","Not Suitable","0","No","","203, New York Avenue, 10305","","","","No","No","No","No","40.60488","-74.0598493"
"Saint Peter's Roman Catholic Church","Archdiocese of New York","Not Suitable","0","No","","49, Saint Marks Place, 10301","","","","No","No","No","No","40.6471801","-74.0848523"
"Saint Stanislaus Kostka Roman Catholic Church","Archdiocese of New York","Not Suitable","0","No","","109, York Avenue, 10301","","","","No","No","No","No","40.6438134","-74.0873232"
"Church of the Assumption","Archdiocese of New York","Not Suitable","0","No","","","","","","No","No","No","No","40.635571","-74.0893824"
"Mount Calvary Holy Church","Archdiocese of New York","Not Suitable","0","No","","9, Dubois Avenue, 10310","","","","No","No","No","No","40.6316689","-74.1290392"
"Church of Saint Rita","Archdiocese of New York","Not Suitable","0","No","","","","","","No","No","No","No","40.6043262","-74.1313042"
"Saint Sylvester Roman Catholic Church","Archdiocese of New York","Not Suitable","0","No","","856, Targee Street, 10304","","","","No","No","No","No","40.6075778","-74.0900026"
"Saint Michael's Church","Archdiocese of New York","Not Suitable","0","No","","266, Mulberry Street, New York, 10012","","","","No","No","No","No","40.7239541","-73.9952219"
"Saint Gerard Magella Catholic Church","Archdiocese of New York","Not Suitable","0","No","","188-16, 91st Avenue, 11423","","","","No","No","No","No","40.711856","-73.7707018"
"San Lorenzo Ruiz Chapel","Archdiocese of New York","Not Suitable","0","No","","378, Broome Street, New York, 10013","","","","No","No","No","No","40.7205517","-73.9963025"
"Our Lady of Victory Roman Catholic Church","Archdiocese of New York","Not Suitable","0","No","","","","","","No","No","No","No","40.6817161","-73.9401779"
"Saint Anastasia Roman Catholic Church","Archdiocese of New York","Not Suitable","0","No","","45-05, 245th Street, 11362","","","","No","No","No","No","40.7654843","-73.7408401"
"Saint Nicholas of Tolentine Roman Catholic Church","Archdiocese of New York","Not Suitable","0","No","","150-75, Goethals Avenue, 11432","","","","No","No","No","No","40.718597","-73.8098156"
"Saint Robert Bellarmine Roman Catholic Church","Archdiocese of New York","Not Suitable","0","No","","","","","","No","No","No","No","40.750232","-73.7652062"
"Saint Ephrems Catholic Church","Archdiocese of New York","Not Suitable","0","No","","","","","","No","No","No","No","40.6256505","-74.0157473"
"Incarnation Roman Catholic Church","Archdiocese of New York","Not Suitable","0","No","","","","","","No","No","No","No","40.7195249","-73.7574743"
"Roman Catholic Church of the Precious Blood","Archdiocese of New York","Not Suitable","0","No","","70, Bay 47th Street, 11214","","","","No","No","No","No","40.5903068","-73.9862039"
"Saint Marys Mother of Jesus Roman Catholic Church","Archdiocese of New York","Not Suitable","0","No","","","","","","No","No","No","No","40.6010091","-73.9901419"
"Saints Simon And Jude Roman Catholic Church","Archdiocese of New York","Not Suitable","0","No","","185, Van Sicklen Street, Brooklyn, NY, 11223","","","","No","No","No","No","40.5995899","-73.9740415"
"Basilica of Regina Pacis","Archdiocese of New York","Not Suitable","0","No","","1221, 66th Street, 11219","","","","No","No","No","No","40.6266953","-74.0035708"
"Saint Saviour's Catholic Church","Archdiocese of New York","Not Suitable","0","No","","601, 8th Avenue, Brooklyn, NY, 11215","","","","No","No","No","No","40.6672224","-73.9774861"
"St. Joseph's Church","Archdiocese of New York","Not Suitable","0","No","","365, 6th Avenue, New York, 10014","","","","No","No","No","No","40.7326141","-74.000709"
"Saint Edmund's Roman Catholic Church","Archdiocese of New York","Not Suitable","0","No","","2001, East 19th Street, 11229","","","","No","No","No","No","40.601237","-73.9526499"
"Saint Thomas Aquinas Roman Catholic Church","Archdiocese of New York","Not Suitable","0","No","","1550, Hendrickson Street, Brooklyn, NY, 11234","","","","No","No","No","No","40.619736","-73.9357046"
"Saint Martin of Tours Roman Catholic Church","Archdiocese of New York","Not Suitable","0","No","","","","","","No","No","No","No","40.6934406","-73.9094381"
"Our Lady of Miracles Roman Catholic Church","Archdiocese of New York","Not Suitable","0","No","","","","","","No","No","No","No","40.6393281","-73.9093797"
"Saint Barbara's Roman Catholic Church","Archdiocese of New York","Not Suitable","0","No","","138, Bleecker Street, 11221","","","","No","No","No","No","40.6957594","-73.9202499"
"Saint Peter Claver Roman Catholic Church","Archdiocese of New York","Not Suitable","0","No","","","","","","No","No","No","No","40.6822507","-73.9571764"
"Saint Jude's Roman Catholic Church","Archdiocese of New York","Not Suitable","0","No","","1677, Canarsie Road, 11236","","","","No","No","No","No","40.6321798","-73.891217"
"Roman Catholic Church of Saint Therese of Lisieux","Archdiocese of New York","Not Suitable","0","No","","","","","","No","No","No","No","40.6415355","-73.9347361"
"Chapel","Archdiocese of New York","Not Suitable","0","No","","","","","","No","No","No","No","40.6462246","-73.9404858"
"Saint Catherine of Genoa Roman Catholic Church","Archdiocese of New York","Not Suitable","0","No","","","","","","No","No","No","No","40.652772","-73.9396289"
"Saint Gregory's Roman Catholic Church","Archdiocese of New York","Not Suitable","0","No","","991, Saint Johns Place, Brooklyn, 11213","","","","No","No","No","No","40.6716921","-73.9454033"
"Saint Lucy's Cathedral Old Roman Catholic Church","Archdiocese of New York","Not Suitable","0","No","","802, Kent Avenue, 11205","","","","No","No","No","No","40.6970199","-73.9601881"
"Resurrection Coptic Catholic Church","Archdiocese of New York","Not Suitable","0","No","","328, 14th Street, Brooklyn, NY, 11215","","","","No","No","No","No","40.6646197","-73.9861981"
"Saint Brigid's Roman Catholic Church","Archdiocese of New York","Not Suitable","0","No","","","","","","No","No","No","No","40.7013681","-73.9119005"
"Saint Teresa of Avila RC Church","Archdiocese of New York","Not Suitable","0","No","","","","","","No","No","No","No","40.6741077","-73.9598731"
"Saint John's Roman Catholic Church","Archdiocese of New York","Not Suitable","0","No","","","","","","No","No","No","No","40.7380028","-74.1659518"
"St. Columba Catholic Church","Archdiocese of New York","Not Suitable","0","No","","331, West 25th Street, 10001","","","","No","No","No","No","40.7474314","-73.9989909"
"Church of Saint Francis of Assisi","Archdiocese of New York","Not Suitable","0","No","","137, West 31st Street, New York, NY, 10001","","","","No","No","No","No","40.7488291","-73.9905283"
"St. Michael's Church","Archdiocese of New York","Not Suitable","0","No","","New York","","","","No","No","No","No","40.7533491","-73.9973365"
"St. Benedict the Moor's Church","Archdiocese of New York","Not Suitable","0","No","","340, West 53rd Street, 10019","","","","No","No","No","No","40.7646292","-73.9863563"
"Saint Elizabeth of Hungary Roman Catholic Church","Archdiocese of New York","Not Suitable","0","No","","211, East 83rd Street, 10028","","","","No","No","No","No","40.7767104","-73.9546204"
"Saint Thomas the Apostle Roman Catholic Church (historical)","Archdiocese of New York","Not Suitable","0","No","","","","","","No","No","No","No","40.8049223","-73.9532922"
"All Saints Roman Catholic Church","Archdiocese of New York","Not Suitable","0","No","","47, East 129th Street, 10035","","","","No","No","No","No","40.8082672","-73.938232"
"Saint Mark's Roman Catholic Church","Archdiocese of New York","Not Suitable","0","No","","59, West 138th Street, 10037","","","","No","No","No","No","40.8158877","-73.9385355"
"Our Lady of the Valley Roman Catholic Church","Archdiocese of New York","Not Suitable","0","No","","630, Valley Road, Wayne, NJ, 07470","","","","No","No","No","No","40.9330798","-74.2268652"
"Sacred Heart Armenian Catholic Church","Archdiocese of New York","Not Suitable","0","No","","","","","","No","No","No","No","40.8744506","-74.2065215"
"St. Ann's Melkite Catholic Church","Archdiocese of New York","Not Suitable","0","No","","","","","","No","No","No","No","40.8822138","-74.2000867"
"Saint Lukes Roman Catholic Church","Archdiocese of New York","Not Suitable","0","No","","623, East 138th Street, 10454","","","","No","No","No","No","40.8062624","-73.9155275"
"Saint Rita's Roman Catholic Church","Archdiocese of New York","Not Suitable","0","No","","","","","","No","No","No","No","40.81508","-73.9217617"
"Saint Roch's Roman Catholic Church","Archdiocese of New York","Not Suitable","0","No","","525, Wales Avenue, 10455","","","","No","No","No","No","40.8122452","-73.9077296"
"Roman Catholic Church of Saint Thomas Aquinas","Archdiocese of New York","Not Suitable","0","No","","1900, Crotona Parkway, 10460","","","","No","No","No","No","40.8407084","-73.8853716"
"Saint Margaret Mary Roman Catholic Church","Archdiocese of New York","Not Suitable","0","No","","1914, Morris Avenue, 10453","","","","No","No","No","No","40.8501445","-73.9075737"
"St. Clare Catholic Church","Archdiocese of New York","Not Suitable","0","No","","69, Allwood Road, Clifton, NJ, 07014","","","","No","No","No","No","40.8325831","-74.1424704"
"Shrine of Saint Elizabeth Ann Bayley Seton","Archdiocese of New York","Not Suitable","0","No","","8, State Street, New York, NY, 10004","","","","No","No","No","No","40.7026659","-74.0136926"
"St. Teresa's Church","Archdiocese of New York","Not Suitable","0","No","","Rutgers Street, New York","","","","No","No","No","No","40.7135419","-73.9904648"
"Epiphany Roman Catholic Church","Archdiocese of New York","Not Suitable","0","No","","96, South 9th Street, 11249","","","","No","No","No","No","40.708616","-73.9651641"
"Saint Vincent De Paul's Roman Catholic Church","Archdiocese of New York","Not Suitable","0","No","","167, North 6th Street, 11211","","","","No","No","No","No","40.7170223","-73.9575325"
"Ukrainian Catholic Church of the Holy Ghost","Archdiocese of New York","Not Suitable","0","No","","160, North 5th Street, 11211","","","","No","No","No","No","40.7160428","-73.9582808"
"St. Cecilia Roman Catholic Church","Archdiocese of New York","Not Suitable","0","No","","","","","","No","No","No","No","40.720109","-73.9422297"
"Roman Catholic Church of the Holy Family","Archdiocese of New York","Not Suitable","0","No","","81, North 15th Street, 11222","","","","No","No","No","No","40.7230866","-73.9538876"
"Polish National Catholic Church of the Resurrection","Archdiocese of New York","Not Suitable","0","No","","678, Leonard Street, 11222","","","","No","No","No","No","40.7278666","-73.9517793"
"Saint Alphonsus Roman Catholic Church","Archdiocese of New York","Not Suitable","0","No","","175, Kent Street, 11222","","","","No","No","No","No","40.731208","-73.9536065"
"Our Lady of Hope","Archdiocese of New York","Not Suitable","0","No","","71-10, Eliot Avenue, 11379","","","","No","No","No","No","40.7214778","-73.88578"
"Saint Sebastian's Roman Catholic Church","Archdiocese of New York","Not Suitable","0","No","","39-66, 58th Street, 11377","","","","No","No","No","No","40.7449239","-73.9064866"
"Saint Teresa's Roman Catholic Church","Archdiocese of New York","Not Suitable","0","No","","","","","","No","No","No","No","40.7373171","-73.9212836"
"Saint Paul the Apostle Roman Catholic Church","Archdiocese of New York","Not Suitable","0","No","","98-16, 55th Avenue, Corona, NY, 11368","","","","No","No","No","No","40.739052","-73.8618986"
"Saint Lucy Roman Catholic Church","Archdiocese of New York","Not Suitable","0","No","","833, Mace Avenue, 10467","","","","No","No","No","No","40.8635367","-73.8622692"
"Santa Maria Roman Catholic Church","Archdiocese of New York","Not Suitable","0","No","","2352, Saint Raymonds Avenue, 10462","","","","No","No","No","No","40.8386806","-73.8502895"
"Saint Mary Gate of Heaven Roman Catholic Church","Archdiocese of New York","Not Suitable","0","No","","103-02, 101st Avenue, 11416","","","","No","No","No","No","40.6857096","-73.8394758"
"Christ the King Roman Catholic Church","Archdiocese of New York","Not Suitable","0","No","","145-39, Farmers Boulevard, Queens, NY, 11434","","","","No","No","No","No","40.6651648","-73.7675698"
"Saint Clare Roman Catholic Church","Archdiocese of New York","Not Suitable","0","No","","137-51, Brookville Boulevard, 11422","","","","No","No","No","No","40.6683265","-73.7363506"
"Saint Andrew Avellino Roman Catholic Church","Archdiocese of New York","Not Suitable","0","No","","35-60, 158th Street, Flushing, NY, 11358","","","","No","No","No","No","40.7641654","-73.807818"
"St Paul Chong Hasang Roman Catholic Church","Archdiocese of New York","Not Suitable","0","No","","32-15, Parsons Boulevard, Flushing, NY, 11354","","","","No","No","No","No","40.7687229","-73.82393"
"Saint Fidelis of Sigmaringen Roman Catholic Church","Archdiocese of New York","Not Suitable","0","No","","14-20, 124th Street, 11356","","","","No","No","No","No","40.7849427","-73.8443094"
"Saint Michael the Archangel Roman Catholic Church","Archdiocese of New York","Not Suitable","0","No","","765, Co-Op City Boulevard, Bronx, NY, 10475","","","","No","No","No","No","40.8791694","-73.8272603"
"University Church","Archdiocese of New York","Not Suitable","0","No","","425, East Fordham Road, 10458","","","","No","No","No","No","40.8635257","-73.8864277"
"Saint Virgilius Roman Catholic Church","Archdiocese of New York","Not Suitable","0","No","","16, Noel Road, 11693","","","","No","No","No","No","40.6075656","-73.8184504"
"Saint Bernard Catholic Church","Archdiocese of New York","Not Suitable","0","No","","51, Prospect Street, White Plains, NY, 10606","","","","No","No","No","No","41.0201256","-73.7703877"
"St. Aedan's","Archdiocese of New York","Not Suitable","0","No","","800, Bergen Avenue","","","","No","No","No","No","40.7266069","-74.0668549"
"Our Lady of Pompeii Roman Catholic Church","Archdiocese of New York","Not Suitable","0","No","","","","","","No","No","No","No","40.9093323","-74.187707"
"Saint Bonaventure's Roman Catholic Church","Archdiocese of New York","Not Suitable","0","No","","","","","","No","No","No","No","40.9065944","-74.188496"
"Our Lady of Victories Roman Catholic Church","Archdiocese of New York","Not Suitable","0","No","","100, Fair Street, Paterson, NJ, 07505","","","","No","No","No","No","40.9192557","-74.1679312"
"Saints Peter and Paul RC Church","Archdiocese of New York","Not Suitable","0","No","","404, Hudson Street","","","","No","No","No","No","40.7412852","-74.0289207"
"Saint Andrew's Hall - Seton Hall University College Seminary","Archdiocese of New York","Not Suitable","0","No","","571, Centre Street, South Orange, NJ, 07079","","","","No","No","No","No","40.7520183","-74.2395501"
"Our Lady of Czestochowa","Archdiocese of New York","Not Suitable","0","No","","","","","","No","No","No","No","40.7149169","-74.0388855"
"Holy Rosary Roman Catholic","Archdiocese of New York","Not Suitable","0","No","","","","","","No","No","No","No","40.7261353","-74.0495186"
"St. Lucy's Roman Catholic Church","Archdiocese of New York","Not Suitable","0","No","","","","","","No","No","No","No","40.73261","-74.0413881"
"St. John the Baptist Roman Catholic Church","Archdiocese of New York","Not Suitable","0","No","","3026, John F. Kennedy Boulevard, Jersey City, NJ, 07306","","","","No","No","No","No","40.7363764","-74.0625231"
"Saint Mary's Byzantine Catholic Church","Archdiocese of New York","Not Suitable","0","No","","","","","","No","No","No","No","40.7101629","-74.064904"
"Saints Peter and Paul Ukrainian Catholic Church","Archdiocese of New York","Not Suitable","0","No","","","","","","No","No","No","No","40.7195275","-74.0745925"
"Saint Patrick's Catholic Church","Archdiocese of New York","Not Suitable","0","No","","","","","","No","No","No","No","40.7141138","-74.0721576"
"Saint Augustine Roman Catholic Church","Archdiocese of New York","Not Suitable","0","No","","","","","","No","No","No","No","40.7473118","-74.1828445"
"St. Rocco's Roman Catholic Church","Archdiocese of New York","Not Suitable","0","No","","","","","","No","No","No","No","40.737381","-74.1925287"
"Saint Ann's Church","Archdiocese of New York","Not Suitable","0","No","","","","","","No","No","No","No","40.7352818","-74.1994072"
"Saint Antoninus Catholic Church","Archdiocese of New York","Not Suitable","0","No","","","","","","No","No","No","No","40.7402562","-74.1992561"
"Saint Casimir's Roman Catholic Church","Archdiocese of New York","Not Suitable","0","No","","","","","","No","No","No","No","40.723374","-74.1588366"
"Wolff Memorial Presbyterian Church","Archdiocese of New York","Not Suitable","0","No","","","","","","No","No","No","No","40.724755","-74.1529507"
"Saint John the Evangelist Roman Catholic Church","Archdiocese of New York","Not Suitable","0","No","","29, North Washington Avenue, Bergenfield, NJ, 07621","","","","No","No","No","No","40.9285556","-73.9953167"
"OLGC Catholic Church","Archdiocese of New York","Not Suitable","0","No","","","","","","No","No","No","No","40.7746296","-74.1642827"
"Our Lady of Grace Church","Archdiocese of New York","Not Suitable","0","No","","","","","","No","No","No","No","40.7422667","-74.0337325"
"Saint Lawrence Roman Catholic Church","Archdiocese of New York","Not Suitable","0","No","","","","","","No","No","No","No","40.7589883","-74.0288627"
"Saint Joseph of the Palisades Church","Archdiocese of New York","Not Suitable","0","No","","","","","","No","No","No","No","40.7917406","-74.0114146"
"Our Lady of Libera Church","Archdiocese of New York","Not Suitable","0","No","","","","","","No","No","No","No","40.79042","-74.0222587"
"Saint John Nepomucene's Roman Catholic Church","Archdiocese of New York","Not Suitable","0","No","","","","","","No","No","No","No","40.7972074","-74.0125171"
"St. Cassian's Roman Catholic Church","Archdiocese of New York","Not Suitable","0","No","","187, Bellevue Avenue, Montclair, NJ, 07043","","","","No","No","No","No","40.8408502","-74.2048871"
"Our Lady of Fatima","Archdiocese of New York","Not Suitable","0","No","","","","","","No","No","No","No","40.6672406","-74.2031928"
"Our Lady of Consolation Church","Archdiocese of New York","Not Suitable","0","No","","1799, Paterson-Hamburg Turnpike, Wayne, NJ, 07470","","","","No","No","No","No","40.9725028","-74.2651924"
"Saint Joachims Roman Catholic Church","Archdiocese of New York","Not Suitable","0","No","","","","","","No","No","No","No","40.6241618","-73.7210175"
"Our Lady of Fatima Roman Catholic Church","Archdiocese of New York","Not Suitable","0","No","","6, Cottonwood Road, Port Washington, NY, 11050","","","","No","No","No","No","40.8424663","-73.7105863"
"Saint Augustine's Roman Catholic Church","Archdiocese of New York","Not Suitable","0","No","","","","","","No","No","No","No","40.7753714","-74.0246822"
"Saint Paul Roman Catholic Church","Archdiocese of New York","Not Suitable","0","No","","","","","","No","No","No","No","40.8766156","-74.144142"
"The Church of the Transfiguration","Archdiocese of New York","Not Suitable","0","No","","","","","","No","No","No","No","41.0673679","-73.8618666"
"Notre Dame Church","Archdiocese of New York","Not Suitable","0","No","","","","","","No","No","No","No","40.8629861","-74.2699463"
"Saint John the Baptist Roman Catholic Curch","Archdiocese of New York","Not Suitable","0","No","","","","","","No","No","No","No","41.0040666","-74.0457029"
"Saint Ann's Roman Catholic Church","Archdiocese of New York","Not Suitable","0","No","","18, Jefferson Street, Nyack, NY, 10960","","","","No","No","No","No","41.0940148","-73.9202325"
"Saint John's Catholic Church","Archdiocese of New York","Not Suitable","0","No","","","","","","No","No","No","No","40.7767994","-74.2326816"
"St. Vito Most Holy Trinity Parish","Archdiocese of New York","Not Suitable","0","No","","816, Underhill Avenue, Mamaroneck, NY, 10543","","","","No","No","No","No","40.957279","-73.740945"
"Saint Henry's Roman Catholic Church","Archdiocese of New York","Not Suitable","0","No","","","","","","No","No","No","No","40.6696281","-74.1176095"
"Ukrainian Catholic Church of the Assumption","Archdiocese of New York","Not Suitable","0","No","","684, Alta Vista Place, Perth Amboy, NJ, 08861","","","","No","No","No","No","40.5228488","-74.2742622"
"Christ the King Knanaya Catholic Church","Archdiocese of New York","Not Suitable","0","No","","","","","","No","No","No","No","40.5829571","-74.219479"
"Our Lady of Perpetual Help Church","Archdiocese of New York","Not Suitable","0","No","","","","","","No","No","No","No","40.6394196","-74.0152659"
"Saint Johns","Archdiocese of New York","Not Suitable","0","No","","470, Broad Avenue, Leonia, NJ, 07605","","","","No","No","No","No","40.8663391","-73.9850874"
"Annunciation Roman Catholic Church","Archdiocese of New York","Not Suitable","0","No","","","","","","No","No","No","No","40.9523288","-74.076313"
"St. Thomas the Apostle Byzantine Catholic Church","Archdiocese of New York","Not Suitable","0","No","","","","","","No","No","No","No","40.6129026","-74.2853649"
"Saint Catherine's Church","Archdiocese of New York","Not Suitable","0","No","","","","","","No","No","No","No","40.6869238","-74.2153301"
"St. Anthony of Padua Roman Catholic Church","Archdiocese of New York","Not Suitable","0","No","","63, Franklin Street, Belleville, NJ, 07109","","","","No","No","No","No","40.7795653","-74.1792977"
"St. Peter's Roman Catholic Church","Archdiocese of New York","Not Suitable","0","No","","155, William Street, Belleville, NJ, 07109","","","","No","No","No","No","40.7847083","-74.1568163"
"Saint Peter's and Saint Paul's Roman Catholic Church","Archdiocese of New York","Not Suitable","0","No","","","","","","No","No","No","No","40.6555127","-74.1812273"
"Saint Gerard Majella Roman Catholic Church","Archdiocese of New York","Not Suitable","0","No","","","","","","No","No","No","No","40.9278851","-74.1883338"
"Saint John the Apostle Roman Catholic Church","Archdiocese of New York","Not Suitable","0","No","","","","","","No","No","No","No","40.6307848","-74.2812958"
"Saint Adalbert Polish Catholic Church","Archdiocese of New York","Not Suitable","0","No","","","","","","No","No","No","No","40.651494","-74.1915102"
"Saint Leo's Roman Catholic Church","Archdiocese of New York","Not Suitable","0","No","","","","","","No","No","No","No","40.8994433","-74.117062"
"Villa Immaculate","Diocese of Rockville Centre","Not Suitable","0","No","","","","","","No","No","No","No","40.977682","-72.6982195"
"Our Lady of Ostrabama Roman Catholic Church","Diocese of Rockville Centre","Not Suitable","0","No","","","","","","No","No","No","No","41.0186111","-72.4927778"
"Our Lady of Good Counsel Church","Diocese of Rockville Centre","Not Suitable","0","No","","14300, Main Road, Mattituck, NY, 11952","","","","No","No","No","No","40.9926764","-72.5290124"
"St. Isadore Roman Catholic Church","Diocese of Rockville Centre","Not Suitable","0","No","","622, Pulaski Street, Riverhead, NY, 11901","","","","No","No","No","No","40.9206468","-72.673353"
"St. John the Baptist Ukrainian Catholic Church","Diocese of Rockville Centre","Not Suitable","0","No","","820, Pondview Road, Riverhead, NY, 11901","","","","No","No","No","No","40.9253396","-72.6660457"
"St. John the Evangelist Roman Catholic Church","Diocese of Rockville Centre","Not Suitable","0","No","","546, St. John's Place, Riverhead, NY, 11901","","","","No","No","No","No","40.922399","-72.663368"
"Saint Rosalies Roman Catholic Mission","Diocese of Rockville Centre","Not Suitable","0","No","","511, Montauk Highway, East Quogue, NY, 11942","","","","No","No","No","No","40.8417912","-72.5798294"
"Saint Andrews Roman Catholic Church","Diocese of Rockville Centre","Not Suitable","0","No","","122, Division Street, Sag Harbor, 11963","","","","No","No","No","No","40.9985118","-72.2933352"